{
    "Controlpanel": {
        "basename": "Controlpanel",
        "name": "Controlpanel",
        "slug": "controlpanel",
        "version": "1.0",
        "description": "this module serves as the entry point to the system's control management area. this module is restricted to selected staffs",
        "id": 224853409,
        "enabled": true,
        "order": 9001,
        "refId": 2000
    },
    "Core": {
        "basename": "Core",
        "name": "Core",
        "slug": "core",
        "version": "1.0",
        "description": "this is the core of the talkstuff system",
        "id": 1804436815,
        "enabled": true,
        "order": 9001,
        "refId": 1000
    },
    "Media": {
        "basename": "Media",
        "name": "Media",
        "slug": "media",
        "version": "1.0",
        "description": "This is the description for the Media module.",
        "id": 1781309708,
        "enabled": true,
        "order": 9001,
        "refId": 5000
    },
    "Posts": {
        "basename": "Posts",
        "name": "Posts",
        "slug": "posts",
        "version": "1.0",
        "description": "This is the description for the Posts module.",
        "id": -2007123206,
        "enabled": true,
        "order": 9001,
        "refId": 6000
    },
    "Security": {
        "basename": "Security",
        "name": "Security",
        "slug": "security",
        "version": "1.0",
        "description": "security module to authenticate logins to restricted areas of the system",
        "id": -979642943,
        "enabled": true,
        "order": 9001,
        "refId": 100
    },
    "Site": {
        "basename": "Site",
        "name": "Site",
        "slug": "site",
        "version": "1.0",
        "description": "this is the frontend website of the talkstuff platform",
        "id": 1766001124,
        "enabled": true,
        "order": 9001,
        "refId": 10000
    },
    "Staff": {
        "basename": "Staff",
        "name": "Staff",
        "slug": "staff",
        "version": "1.0",
        "description": "the staff management module for this system",
        "id": 1114567570,
        "enabled": true,
        "order": 9001,
        "refId": 200
    },
    "Users": {
        "basename": "Users",
        "name": "Users",
        "slug": "users",
        "version": "1.0",
        "description": "This is the description for the Users module.",
        "id": 344172009,
        "enabled": true,
        "order": 9001,
        "refId": 4000
    }
}